{"stats":{"minecraft:mined":{"minecraft:crafting_table":1,"minecraft:grass":5,"minecraft:coal_ore":23,"minecraft:grass_block":1,"minecraft:oak_log":13,"minecraft:stone":20,"minecraft:oak_leaves":2},"minecraft:custom":{"minecraft:time_since_rest":11996,"minecraft:sprint_one_cm":20502,"minecraft:damage_taken":100,"minecraft:walk_one_cm":32544,"minecraft:mob_kills":1,"minecraft:drop":3,"minecraft:damage_dealt":60,"minecraft:interact_with_crafting_table":2,"minecraft:fly_one_cm":30915,"minecraft:crouch_one_cm":5874,"minecraft:play_time":11996,"minecraft:sneak_time":1023,"minecraft:walk_under_water_one_cm":1275,"minecraft:jump":116,"minecraft:time_since_death":11996,"minecraft:walk_on_water_one_cm":2572,"minecraft:total_world_time":11996,"minecraft:fall_one_cm":2639},"minecraft:picked_up":{"minecraft:stick":9,"minecraft:crafting_table":1,"minecraft:oak_log":13,"minecraft:dirt":1,"minecraft:apple":3,"minecraft:wheat_seeds":1,"minecraft:oak_sapling":10,"minecraft:mutton":2,"minecraft:coal":23,"minecraft:white_wool":1,"minecraft:cobblestone":20},"minecraft:killed":{"minecraft:sheep":1},"minecraft:used":{"minecraft:apple":1,"minecraft:stone_pickaxe":25,"minecraft:wooden_pickaxe":20,"epicfight:stone_greatsword":4,"minecraft:stone_axe":1,"minecraft:dirt":1,"minecraft:crafting_table":2},"minecraft:dropped":{"minecraft:wheat_seeds":1,"minecraft:wooden_axe":1,"minecraft:wooden_pickaxe":1},"minecraft:crafted":{"minecraft:oak_planks":16,"minecraft:crafting_table":2,"minecraft:wooden_axe":1,"minecraft:wooden_pickaxe":1,"minecraft:stone_pickaxe":1,"sophisticatedbackpacks:netherite_backpack":1,"epicfight:stone_greatsword":1,"minecraft:stone_axe":1}},"DataVersion":3465}